sr,name,country,role,capped,base,category,last_ipl_team,highlights,rating,matches,runs,strike_rate,wickets,economy,average
1,Jos Buttler,England,WICKETKEEPER,Capped,2 Cr,,Gujarat Titans,England 2019 ODI & 2022 T20 World Cup winner | IPL 2022 Orange Cap (863 runs) | Explosive opener & wicketkeeper,90,,,,,,
2,Shreyas Iyer,India,BATTER,Capped,2 Cr,,Punjab Kings,Captained KKR to the IPL 2024 title | Led PBKS to the IPL 2025 final | Costliest buy of IPL 2025 auction (26.75 Cr),85,,,,,,
3,Rishabh Pant,India,BATTER,Capped,2 Cr,,Lucknow Super Giants,"Costliest buy in IPL history (27 Cr, 2025) | Explosive India keeper-batter | LSG captain",85,,,,,,
4,Kagiso Rabada,South Africa,BOWLER,Capped,2 Cr,,Gujarat Titans,South Africa's pace spearhead | Former IPL Purple Cap contender | Elite new-ball & death bowler,80,,,,,,
5,Arshdeep Singh,India,BOWLER,Capped,2 Cr,,Punjab Kings,India's left-arm death-overs specialist | Powerplay & yorker expert,85,,,,,,
6,Mitchell Starc,Australia,BOWLER,Capped,2 Cr,,Delhi Capitals,Australia 2015 & 2023 World Cup winner | Once the most expensive IPL buy | Lethal new-ball swing bowler,90,,,,,,
7,Yuzvendra Chahal,India,BOWLER,Capped,2 Cr,,Punjab Kings,IPL's all-time leading wicket-taker | IPL 2022 Purple Cap winner | Wrist-spin match-winner,95,,,,,,
8,Liam Livingstone,England,ALL-ROUNDER,Capped,2 Cr,,Royal Challengers Bengaluru,England power-hitting all-rounder | Dual-spin bowling option | 2022 T20 World Cup winner,80,,,,,,
9,David Miller,South Africa,BATTER,Capped,1.50 Cr,,Lucknow Super Giants,South Africa's premier finisher | 'Killer Miller' at the death | Big-match six-hitter,80,,,,,,
10,KL Rahul,India,WICKETKEEPER,Capped,2 Cr,,Delhi Capitals,India top-order batter & keeper | Former LSG & Punjab captain | Consistent IPL run-scorer,90,,,,,,
11,Mohammad Shami,India,BOWLER,Capped,2 Cr,,Sunrisers Hyderabad,India's premier seamer | 2023 ODI World Cup leading wicket-taker (24) | Deadly with the new & old ball,,,,,,,
12,Mohammad Siraj,India,BOWLER,Capped,2 Cr,,Gujarat Titans,India new-ball spearhead | Aggressive powerplay wicket-taker | 2024 T20 World Cup winner,85,,,,,,
13,Harry Brook,England,BATTER,Capped,2 Cr,,Delhi Capitals,England's fast-rising top-order star | Fearless middle-order stroke-maker,70,,,,,,
14,Devon Conway,New Zealand,BATTER,Capped,2 Cr,,Chennai Super Kings,CSK 2023 title-winning opener | New Zealand top-order mainstay,75,,,,,,
15,Jake Fraser-Mcgurk,Australia,BATTER,Capped,2 Cr,,Delhi Capitals,Australia's explosive young opener | Record-fast IPL fifties | Powerplay destroyer,75,,,,,,
16,Aiden Markram,South Africa,BATTER,Capped,2 Cr,,Lucknow Super Giants,South Africa T20I captain | 2024 T20 World Cup runner-up captain | Elegant top-order batter,75,,,,,,
17,Devdutt Padikkal,India,BATTER,Capped,2 Cr,,Royal Challengers Bengaluru,Stylish India left-hand top-order batter | RCB & LSG top-order option,85,,,,,,
18,Rahul Tripathi,India,BATTER,Capped,75 L,,Chennai Super Kings,Versatile India top-order batter | Flexible batting-order role,65,,,,,,
19,David Warner,Australia,BATTER,Capped,2 Cr,,Delhi Capitals,Former SRH title-winning captain | Multiple IPL Orange Caps | One of IPL's highest run-scorers,,,,,,,
20,Ravichandaran Ashwin,India,ALL-ROUNDER,Capped,2 Cr,,Chennai Super Kings,India's champion off-spinner | One of the game's smartest bowlers | CSK 2023 title winner,,,,,,,
21,Venkatesh Iyer,India,ALL-ROUNDER,Capped,2 Cr,,Kolkata Knight Riders,IPL 2024 title winner with KKR | Explosive all-round match-winner,80,,,,,,
22,Mitchell Marsh,Australia,ALL-ROUNDER,Capped,2 Cr,,Lucknow Super Giants,Australia's all-round option | 2021 & 2023 World Cup winner | Aggressive middle-order batter,80,,,,,,
23,Glenn Maxwell,Australia,ALL-ROUNDER,Capped,2 Cr,,Royal Challengers Bengaluru,Australia's dynamic all-rounder | 360-degree power-hitter | RCB middle-order finisher,80,,,,,,
24,Harshal Patel,India,ALL-ROUNDER,Capped,2 Cr,,Sunrisers Hyderabad,IPL 2021 Purple Cap winner | Death-overs specialist all-rounder,85,,,,,,
25,Rachin Ravindra,New Zealand,ALL-ROUNDER,Capped,1.50 Cr,,Chennai Super Kings,NZ all-rounder | 2023 ODI World Cup breakout batter | Left-arm spin & top-order runs,75,,,,,,
26,Marcus Stoinis,Australia,ALL-ROUNDER,Capped,2 Cr,,Punjab Kings,Australia's power-hitting all-rounder | Middle-order finisher & handy seam,80,,,,,,
27,Jonny Bairstow,England,WICKETKEEPER,Capped,2 Cr,,Punjab Kings,England keeper-batter | 2019 ODI & 2022 T20 World Cup winner | Aggressive opener,,,,,,,
28,Quinton De Kock,South Africa,WICKETKEEPER,Capped,2 Cr,,Kolkata Knight Riders,South Africa keeper-opener | Big-hitting powerplay batter,85,,,,,,
29,Rahmanullah Gurbaz,Afghanistan,WICKETKEEPER,Capped,2 Cr,,Kolkata Knight Riders,Afghanistan's explosive keeper-opener | Fearless powerplay hitter,70,,,,,,
30,Ishan Kishan,India,WICKETKEEPER,Capped,2 Cr,,Sunrisers Hyderabad,India keeper-batter | Fastest IPL fifty (13 balls) record | Explosive left-hander,85,,,,,,
31,Phil Salt,England,WICKETKEEPER,Capped,2 Cr,,Royal Challengers Bengaluru,England keeper-opener | Blazing powerplay strike rate,,,,,,,
32,Jitesh Sharma,India,WICKETKEEPER,Capped,1 Cr,,Royal Challengers Bengaluru,India keeper-batter | Aggressive lower-middle-order hitter,70,,,,,,
33,Syed Khaleel Ahmed,India,BOWLER,Capped,2 Cr,,Chennai Super Kings,India left-arm quick | New-ball & death-overs option,,,,,,,
34,Trent Boult,New Zealand,BOWLER,Capped,2 Cr,,Rajasthan Royals,New Zealand swing king | IPL 2020 title with MI | Elite powerplay wicket-taker,95,,,,,,
35,Josh Hazlewood,Australia,BOWLER,Capped,2 Cr,,Royal Challengers Bengaluru,"Australia's Test & T20 pace leader | Miserly, wicket-taking seamer",95,,,,,,
36,Avesh Khan,India,BOWLER,Capped,2 Cr,,Lucknow Super Giants,India quick | LSG new-ball & death bowler | Big-money buy (2025),70,,,,,,
37,Prasidh Krishna,India,BOWLER,Capped,2 Cr,,Gujarat Titans,India seamer | Aggressive new-ball & death bowler | Sharp pace,80,,,,,,
38,T. Natarajan,India,BOWLER,Capped,2 Cr,,Delhi Capitals,India yorker specialist | SRH 2021 death-overs star | Left-arm death bowler,75,,,,,,
39,Anrich Nortje,South Africa,BOWLER,Capped,2 Cr,,Delhi Capitals,South Africa express pace | Elite death-overs bowler | Sharp bounce & yorkers,70,,,,,,
40,Jofra Archer,England,BOWLER,Capped,2 Cr,,Rajasthan Royals,England 2019 World Cup winner | RR & MI new-ball match-winner | Genuine express pace,80,,,,,,
41,Noor Ahmad,Afghanistan,BOWLER,Capped,2 Cr,,Chennai Super Kings,"Afghanistan's teenage wrist-spin sensation | Big buy for CSK (10 Cr, 2025)",80,,,,,,
42,Rahul Chahar,India,BOWLER,Capped,1 Cr,,Rajasthan Royals,India leg-spinner | MI IPL 2020 title winner | Attacking wrist-spin,70,,,,,,
43,Wanindu Hasaranga,Sri Lanka,BOWLER,Capped,2 Cr,,Rajasthan Royals,Sri Lanka leg-spinning all-rounder | IPL 2022 Purple Cap winner (26 wickets),80,,,,,,
44,Waqar Salamkheil,Afghanistan,BOWLER,Capped,75 L,,,Afghanistan left-arm wrist-spinner | Emerging T20 wicket-taker,,,,,,,
45,Maheesh Theekshana,Sri Lanka,BOWLER,Capped,2 Cr,,Rajasthan Royals,Sri Lanka mystery off-spinner | Skiddy powerplay & middle-overs bowler,80,,,,,,
46,Adam Zampa,Australia,BOWLER,Capped,2 Cr,,Sunrisers Hyderabad,Australia's leading T20I leg-spinner | 2021 T20 World Cup winner | Consistent wicket-taker,75,,,,,,
47,Yash Dhull,India,BATTER,Uncapped,30 L,,,,,,,,,,
48,Abhinav Manohar,India,BATTER,Uncapped,30 L,,,,,,,,,,
49,Karun Nair,India,BATTER,Uncapped,30 L,,,,,,,,,,
50,Angkrish Raghuvanshi,India,BATTER,Uncapped,30 L,,,,60,,,,,,
51,Anmolpreet Singh,India,BATTER,Uncapped,30 L,,,,,,,,,,
52,Atharva Taide,India,BATTER,Uncapped,30 L,,,,,,,,,,
53,Nehal Wadhera,India,BATTER,Uncapped,30 L,,,,75,,,,,,
54,Harpreet Brar,India,ALL-ROUNDER,Uncapped,30 L,,,,70,,,,,,
55,Naman Dhir,India,ALL-ROUNDER,Uncapped,30 L,,,,75,,,,,,
56,Mahipal Lomror,India,ALL-ROUNDER,Uncapped,50 L,,,,70,,,,,,
57,Sameer Rizvi,India,ALL-ROUNDER,Uncapped,30 L,,,,,,,,,,
58,Abdul Samad,India,ALL-ROUNDER,Uncapped,30 L,,,,75,,,,,,
59,Vijay Shankar,India,ALL-ROUNDER,Uncapped,30 L,,,,70,,,,,,
60,Ashutosh Sharma,India,ALL-ROUNDER,Uncapped,30 L,,,,75,,,,,,
61,Nishant Sindhu,India,ALL-ROUNDER,Uncapped,30 L,,,,,,,,,,
62,Utkarsh Singh,India,ALL-ROUNDER,Uncapped,30 L,,,,,,,,,,
63,Aryan Juyal,India,WICKETKEEPER,Uncapped,30 L,,,,,,,,,,
64,Kumar Kushagra,India,WICKETKEEPER,Uncapped,30 L,,,,,,,,,,
65,Robin Minz,India,WICKETKEEPER,Uncapped,30 L,,,,,,,,,,
66,Anuj Rawat,India,WICKETKEEPER,Uncapped,30 L,,,,,,,,,,
67,Luvnith Sisodia,India,WICKETKEEPER,Uncapped,30 L,,,,,,,,,,
68,Vishnu Vinod,India,WICKETKEEPER,Uncapped,30 L,,,,,,,,,,
69,Upendra Singh Yadav,India,WICKETKEEPER,Uncapped,30 L,,,,,,,,,,
70,Vaibhav Arora,India,BOWLER,Uncapped,30 L,,,,65,,,,,,
71,Rasikh Dar,India,BOWLER,Uncapped,30 L,,,,,,,,,,
72,Akash Madhwal,India,BOWLER,Uncapped,30 L,,,,75,,,,,,
73,Mohit Sharma,India,BOWLER,Uncapped,50 L,,,,75,,,,,,
74,Simarjeet Singh,India,BOWLER,Uncapped,30 L,,,,,,,,,,
75,Yash Thakur,India,BOWLER,Uncapped,30 L,,,,60,,,,,,
76,Kartik Tyagi,India,BOWLER,Uncapped,40 L,,,,,,,,,,
77,Vyshak Vijaykumar,India,BOWLER,Uncapped,30 L,,,,,,,,,,
78,Piyush Chawla,India,BOWLER,Uncapped,50 L,,,,,,,,,,
79,Shreyas Gopal,India,BOWLER,Uncapped,30 L,,,,,,,,,,
80,Mayank Markande,India,BOWLER,Uncapped,30 L,,,,,,,,,,
81,Suyash Sharma,India,BOWLER,Uncapped,30 L,,,,,,,,,,
82,Karn Sharma,India,BOWLER,Uncapped,50 L,,,,,,,,,,
83,Kumar Kartikeya Singh,India,BOWLER,Uncapped,30 L,,,,,,,,,,
84,Manav Suthar,India,BOWLER,Uncapped,30 L,,,,,,,,,,
85,Mayank Agarawal,India,BATTER,Capped,1 Cr,,Sunrisers Hyderabad,Former PBKS & SRH captain | IPL 2020 Orange Cap runner-up | Attacking India opener,,,,,,,
86,Faf Du Plessis,South Africa,BATTER,Capped,2 Cr,,Delhi Capitals,Former RCB & CSK captain | CSK 2023 title winner | Multiple IPL 500-plus run seasons,,,,,,,
87,Glenn Phillips,New Zealand,BATTER,Capped,2 Cr,,,New Zealand power-hitting keeper-batter | Elite fielder | Explosive middle-order,85,,,,,,
88,Rovman Powell,West Indies,BATTER,Capped,1.50 Cr,,Kolkata Knight Riders,West Indies T20I captain | Powerful middle-order hitter,75,,,,,,
89,Ajinkya Rahane,India,BATTER,Capped,1.50 Cr,,,Former RR & KKR title-winning captain | Test & IPL veteran batter,75,,,,,,
90,Prithvi Shaw,India,BATTER,Capped,75 L,,,Explosive India opener | Record-breaking domestic run-scorer | DC top-order star,,,,,,,
91,Kane Williamson,New Zealand,BATTER,Capped,2 Cr,,,Former New Zealand captain | 2019 & 2021 World Cup finalist | SRH & GT top-order anchor,85,,,,,,
92,Sam Curran,England,ALL-ROUNDER,Capped,2 Cr,,Chennai Super Kings,England all-rounder | 2021 T20 World Cup Player of the Tournament | Left-arm pace & big hitting,75,,,,,,
93,Marco Jansen,South Africa,ALL-ROUNDER,Capped,1.25 Cr,,Punjab Kings,South Africa left-arm pace all-rounder | Tall new-ball & death bowler | Handy lower-order hitter,90,,,,,,
94,Daryl Mitchell,New Zealand,ALL-ROUNDER,Capped,2 Cr,,Chennai Super Kings,New Zealand middle-order all-rounder | 2023 ODI World Cup key batter,,,,,,,
95,Krunal Pandya,India,ALL-ROUNDER,Capped,2 Cr,,Royal Challengers Bengaluru,India left-arm spin all-rounder | Economical middle-overs bowler,80,,,,,,
96,Nitish Rana,India,ALL-ROUNDER,Capped,1.50 Cr,,Rajasthan Royals,India top-order all-rounder | Former KKR big-hitting batter,80,,,,,,
97,Washington Sundar,India,ALL-ROUNDER,Capped,2 Cr,,Gujarat Titans,India off-spin all-rounder | 2021 T20 World Cup squad | Versatile batting-order role,70,,,,,,
98,Shardul Thakur,India,ALL-ROUNDER,Capped,2 Cr,,,India seam-bowling all-rounder | CSK & KKR big-match performer | 2021 T20 WC squad,,,,,,,
99,K.S Bharat,India,WICKETKEEPER,Capped,75 L,,,India Test keeper-batter | Reliable middle-order option,,,,,,,
100,Alex Carey,Australia,WICKETKEEPER,Capped,1 Cr,,,Australia keeper-batter | 2023 ODI & 2021 T20 World Cup winner | Test WTC-winning keeper,,,,,,,
101,Donovan Ferreira,South Africa,WICKETKEEPER,Capped,75 L,,,South Africa power-hitting keeper-batter | Explosive lower-order finisher,,,,,,,
102,Shai Hope,West Indies,WICKETKEEPER,Capped,1.25 Cr,,,West Indies keeper-batter | ODI double-centurion | Experienced top-order anchor,,,,,,,
103,Josh Inglis,Australia,WICKETKEEPER,Capped,2 Cr,,Punjab Kings,Australia keeper-batter | 2024 T20 World Cup opener | Aggressive middle-order,70,,,,,,
104,Ryan Rickelton,South Africa,WICKETKEEPER,Capped,1 Cr,,Mumbai Indians,South Africa keeper-batter | Attacking top-order option,80,,,,,,
105,Deepak Chahar,India,BOWLER,Capped,2 Cr,,Mumbai Indians,India swing bowler | IPL hat-trick & new-ball threat | CSK title winner,75,,,,,,
106,Gerald Coetzee,South Africa,BOWLER,Capped,1.25 Cr,,Gujarat Titans,South Africa express pace | 2023 World Cup breakout | Aggressive wicket-taker,75,,,,,,
107,Akash Deep,India,BOWLER,Capped,1 Cr,,Lucknow Super Giants,India Test seamer | Reliable new-ball swing | LSG big-money buy (2025),65,,,,,,
108,Tushar Deshpande,India,BOWLER,Capped,1 Cr,,Rajasthan Royals,India seamer | Death-overs & change-up specialist,70,,,,,,
109,Lockie Ferguson,New Zealand,BOWLER,Capped,2 Cr,,Punjab Kings,New Zealand express pace | Consistently 150 kph | Death-overs specialist,80,,,,,,
110,Bhuvneshwar Kumar,India,BOWLER,Capped,2 Cr,,Royal Challengers Bengaluru,India swing veteran | Former IPL Purple Cap winner | Powerplay master,80,,,,,,
111,Mukesh Kumar,India,BOWLER,Capped,2 Cr,,Delhi Capitals,India seamer | Reliable middle & death overs | DC big-money buy (2025),75,,,,,,
112,Allah Ghazanfar,Afghanistan,BOWLER,Capped,75 L,,,Afghanistan's giant off-spinner | Emerging mystery spin talent,65,,,,,,
113,Akeal Hosein,West Indies,BOWLER,Capped,1.50 Cr,,,West Indies left-arm spinner | Economical powerplay option,,,,,,,
114,Keshav Maharaj,South Africa,BOWLER,Capped,75 L,,,South Africa's premier left-arm spinner | Test & white-ball wicket-taker,,,,,,,
115,Mujeeb Ur Rahman,Afghanistan,BOWLER,Capped,2 Cr,,,Afghanistan mystery spinner | PBKS & SRH powerplay wicket-taker,,,,,,,
116,Adil Rashid,England,BOWLER,Capped,2 Cr,,,England leg-spinner | 2019 & 2022 World Cup winner | World-class limited-overs bowler,,,,,,,
117,Vijayakanth Viyaskanth,Sri Lanka,BOWLER,Capped,75 L,,,Sri Lanka young leg-spinner | Emerging wrist-spin option,,,,,,,
118,Ricky Bhui,India,BATTER,Uncapped,30 L,,,,,,,,,,
119,Swastik Chhikara,India,BATTER,Uncapped,30 L,,,,,,,,,,
120,Aarya Desai,India,BATTER,Uncapped,30 L,,,,,,,,,,
121,Shubham Dubey,India,BATTER,Uncapped,30 L,,,,,,,,,,
122,Madhav Kaushik,India,BATTER,Uncapped,30 L,,,,,,,,,,
123,Pukhraj Mann,India,BATTER,Uncapped,30 L,,,,,,,,,,
124,Shaik Rasheed,India,BATTER,Uncapped,30 L,,,,,,,,,,
125,Himmat Singh,India,BATTER,Uncapped,30 L,,,,,,,,,,
126,Mayank Dagar,India,ALL-ROUNDER,Uncapped,30 L,,,,,,,,,,
127,Anshul Kamboj,India,ALL-ROUNDER,Uncapped,30 L,,,,,,,,,,
128,Mohd. Arshad Khan,India,ALL-ROUNDER,Uncapped,30 L,,,,,,,,,,
129,Darshan Nalkande,India,ALL-ROUNDER,Uncapped,30 L,,,,,,,,,,
130,Suyash Prabhudessai,India,ALL-ROUNDER,Uncapped,30 L,,,,,,,,,,
131,Anukul Roy,India,ALL-ROUNDER,Uncapped,30 L,,,,,,,,,,
132,Swapnil Singh,India,ALL-ROUNDER,Uncapped,30 L,,,,,,,,,,
133,Sanvir Singh,India,ALL-ROUNDER,Uncapped,30 L,,,,,,,,,,
134,Avanish Aravelly,India,WICKETKEEPER,Uncapped,30 L,,,,,,,,,,
135,Vansh Bedi,India,WICKETKEEPER,Uncapped,30 L,,,,,,,,,,
136,Saurav Chauhan,India,WICKETKEEPER,Uncapped,30 L,,,,,,,,,,
137,Harvik Desai,India,WICKETKEEPER,Uncapped,30 L,,,,,,,,,,
138,Tom Kohler-Cadmore,England,WICKETKEEPER,Uncapped,50 L,,,,,,,,,,
139,Kunal Rathore,India,WICKETKEEPER,Uncapped,30 L,,,,,,,,,,
140,B.R Sharath,India,WICKETKEEPER,Uncapped,30 L,,,,,,,,,,
141,Gurnoor Singh Brar,India,BOWLER,Uncapped,30 L,,,,,,,,,,
142,Mukesh Choudhary,India,BOWLER,Uncapped,30 L,,,,,,,,,,
143,Sakib Hussain,India,BOWLER,Uncapped,30 L,,,,,,,,,,
144,Vidwath Kaverappa,India,BOWLER,Uncapped,30 L,,,,,,,,,,
145,Rajan Kumar,India,BOWLER,Uncapped,30 L,,,,,,,,,,
146,Sushant Mishra,India,BOWLER,Uncapped,30 L,,,,,,,,,,
147,Arjun Tendulkar,India,BOWLER,Uncapped,30 L,,,,60,,,,,,
148,Zeeshan Ansari,India,BOWLER,Uncapped,30 L,,,,,,,,,,
149,Prince Choudhary,India,BOWLER,Uncapped,30 L,,,,,,,,,,
150,Himanshu Sharma,India,BOWLER,Uncapped,30 L,,,,,,,,,,
151,M. Siddharth,India,BOWLER,Uncapped,30 L,,,,,,,,,,
152,Digvesh Singh,India,BOWLER,Uncapped,30 L,,,,,,,,,,
153,Prashant Solanki,India,BOWLER,Uncapped,30 L,,,,,,,,,,
154,Jhathavedh Subramanyan,India,BOWLER,Uncapped,30 L,,,,,,,,,,
155,Finn Allen,New Zealand,BATTER,Capped,2 Cr,,,New Zealand explosive opener | Blistering powerplay strike rate,,,,,,,
156,Dewald Brevis,South Africa,BATTER,Capped,75 L,,,South Africa 'Baby AB' | Explosive young middle-order star | MI product,75,,,,,,
157,Ben Duckett,England,BATTER,Capped,2 Cr,,,England attacking opener | Test & white-ball run-scorer,,,,,,,
158,Manish Pandey,India,BATTER,Capped,75 L,,Kolkata Knight Riders,India top-order batter | SRH IPL 2016 title winner | Reliable middle-order,,,,,,,
159,Rilee Rossouw,South Africa,BATTER,Capped,2 Cr,,,South Africa left-hand power-hitter | Explosive middle-order batter,,,,,,,
160,Sherfane Rutherford,West Indies,BATTER,Capped,1.50 Cr,,,West Indies middle-order finisher | Big-hitting left-hander,75,,,,,,
161,Ashton Turner,Australia,BATTER,Capped,1 Cr,,,Australia middle-order batter | Powerful ball-striker,,,,,,,
162,James Vince,England,BATTER,Capped,2 Cr,,,England top-order batter | Elegant stroke-maker | Franchise T20 veteran,,,,,,,
163,Shahbaz Ahamad,India,ALL-ROUNDER,Capped,1 Cr,,,India left-arm spin all-rounder | RCB & GT economical bowler,,,,,,,
164,Moeen Ali,England,ALL-ROUNDER,Capped,2 Cr,,,England off-spin all-rounder | 2022 T20 World Cup winner | CSK title winner,75,,,,,,
165,Tim David,Australia,ALL-ROUNDER,Capped,2 Cr,,Royal Challengers Bengaluru,Australia's power-hitting finisher | Record-fast T20I century | Death-overs six machine,80,,,,,,
166,Deepak Hooda,India,ALL-ROUNDER,Capped,75 L,,Chennai Super Kings,India batting all-rounder | Big-hitting middle-order & handy off-spin,65,,,,,,
167,Will Jacks,England,ALL-ROUNDER,Capped,2 Cr,,Mumbai Indians,England all-rounder | Explosive opener & off-spin | MI big buy (2025),70,,,,,,
168,Azmatullah Omarzai,Afghanistan,ALL-ROUNDER,Capped,1.50 Cr,,Punjab Kings,Afghanistan seam-bowling all-rounder | 2023 World Cup all-round star,70,,,,,,
169,R. Sai Kishore,India,ALL-ROUNDER,Capped,75 L,,Punjab Kings,India left-arm spinner | Prolific domestic T20 wicket-taker,75,,,,,,
170,Romario Shepherd,West Indies,ALL-ROUNDER,Capped,1.50 Cr,,Royal Challengers Bengaluru,West Indies power-hitting all-rounder | Death-overs hitter & seam option,,,,,,,
171,Tom Banton,England,WICKETKEEPER,Capped,2 Cr,,,England keeper-batter | Explosive top-order stroke-maker,,,,,,,
172,Sam Billings,England,WICKETKEEPER,Capped,1.50 Cr,,,England keeper-batter | Franchise T20 veteran | CSK & DC option,75,,,,,,
173,Jordan Cox,England,WICKETKEEPER,Capped,1.25 Cr,,,England keeper-batter | Emerging middle-order talent,,,,,,,
174,Ben McDermott,Australia,WICKETKEEPER,Capped,75 L,,,Australia keeper-batter | Explosive top-order hitter,,,,,,,
175,Kusal Mendis,Sri Lanka,WICKETKEEPER,Capped,75 L,,,Sri Lanka keeper-batter & captain | Reliable middle-order anchor,,,,,,,
176,Kusal Perera,Sri Lanka,WICKETKEEPER,Capped,75 L,,,Sri Lanka keeper-batter | Explosive left-hand opener | ODI double-centurion,,,,,,,
177,Josh Philippe,Australia,WICKETKEEPER,Capped,75 L,,,Australia keeper-batter | Aggressive top-order option,,,,,,,
178,Tim Seifert,New Zealand,WICKETKEEPER,Capped,1.25 Cr,,,New Zealand keeper-batter | Explosive middle-order finisher,,,,,,,
179,Nandre Burger,South Africa,BOWLER,Capped,1.25 Cr,,,South Africa left-arm quick | Sharp new-ball swing,80,,,,,,
180,Spencer Johnson,Australia,BOWLER,Capped,2 Cr,,Kolkata Knight Riders,"Australia left-arm express pace | Tall, skiddy new-ball threat",65,,,,,,
181,Umran Malik,India,BOWLER,Capped,75 L,,,India express pace | Clocked 157 kph | Raw speed sensation,,,,,,,
182,Mustafizur Rahman,Bangladesh,BOWLER,Capped,2 Cr,,,Bangladesh left-arm quick | Cutter & slower-ball specialist | Death-overs expert,,,,,,,
183,Ishant Sharma,India,BOWLER,Capped,75 L,,Gujarat Titans,India pace veteran | 300-plus Test wickets | Experienced new-ball option,80,,,,,,
184,Nuwan Thushara,Sri Lanka,BOWLER,Capped,75 L,,Royal Challengers Bengaluru,Sri Lanka seamer | Deceptive slower balls & yorkers,,,,,,,
185,Naveen Ul Haq,Afghanistan,BOWLER,Capped,2 Cr,,,Afghanistan seamer | Death-overs & new-ball wicket-taker,,,,,,,
186,Jaydev Unadkat,India,BOWLER,Capped,1 Cr,,Sunrisers Hyderabad,India left-arm swing veteran | Former RR captain | New-ball specialist,70,,,,,,
187,Umesh Yadav,India,BOWLER,Capped,2 Cr,,,India pace veteran | IPL new-ball wicket-taker | KKR title winner,,,,,,,
188,Rishad Hossain,Bangladesh,BOWLER,Capped,75 L,,,Bangladesh leg-spin all-rounder | Attacking wrist-spinner,,,,,,,
189,Zahir Khan Pakten,Afghanistan,BOWLER,Capped,75 L,,,Afghanistan left-arm wrist-spinner | Emerging mystery spin option,,,,,,,
190,Nqabayomzi Peter,South Africa,BOWLER,Capped,75 L,,,South Africa emerging quick | Sharp pace prospect,,,,,,,
191,Tanveer Sangha,Australia,BOWLER,Capped,75 L,,,Australia leg-spinner | Attacking wrist-spin talent,,,,,,,
192,Tabraiz Shamsi,South Africa,BOWLER,Capped,2 Cr,,,South Africa's leading T20I left-arm wrist-spinner | Consistent wicket-taker,,,,,,,
193,Jeffery Vandersay,Sri Lanka,BOWLER,Capped,75 L,,,Sri Lanka leg-spinner | Experienced limited-overs wrist-spinner,,,,,,,
194,Sachin Baby,India,BATTER,Uncapped,30 L,,,,,,,,,,
195,Priyam Garg,India,BATTER,Uncapped,30 L,,,,,,,,,,
196,Harnoor Pannu,India,BATTER,Uncapped,30 L,,,,,,,,,,
197,Smaran Ravichandran,India,BATTER,Uncapped,30 L,,,,,,,,,,
198,Shashwat Rawat,India,BATTER,Uncapped,30 L,,,,,,,,,,
199,Andre Siddarth,India,BATTER,Uncapped,30 L,,,,,,,,,,
200,Avneesh Sudha,India,BATTER,Uncapped,30 L,,,,,,,,,,
201,Apoorv Wankhade,India,BATTER,Uncapped,30 L,,,,,,,,,,
202,Yudhvir Charak,India,ALL-ROUNDER,Uncapped,30 L,,,,,,,,,,
203,Rishi Dhawan,India,ALL-ROUNDER,Uncapped,30 L,,,,,,,,,,
204,Rajvardhan Hangargekar,India,ALL-ROUNDER,Uncapped,30 L,,,,,,,,,,
205,Tanush Kotian,India,ALL-ROUNDER,Uncapped,30 L,,,,,,,,,,
206,Arshin Kulkarni,India,ALL-ROUNDER,Uncapped,30 L,,,,,,,,,,
207,Shams Mulani,India,ALL-ROUNDER,Uncapped,30 L,,,,,,,,,,
208,Shivam Singh,India,ALL-ROUNDER,Uncapped,30 L,,,,,,,,,,
209,Lalit Yadav,India,ALL-ROUNDER,Uncapped,30 L,,,,,,,,,,
210,Mohammed Azharuddeen,India,WICKETKEEPER,Uncapped,30 L,,,,,,,,,,
211,L.R Chethan,India,WICKETKEEPER,Uncapped,30 L,,,,,,,,,,
212,Aryaman Singh Dhaliwal,India,WICKETKEEPER,Uncapped,30 L,,,,,,,,,,
213,Urvil Patel,India,WICKETKEEPER,Uncapped,30 L,,,,,,,,,,
214,Sanskar Rawat,India,WICKETKEEPER,Uncapped,30 L,,,,,,,,,,
215,Bipin Saurabh,India,WICKETKEEPER,Uncapped,30 L,,,,,,,,,,
216,Tanay Thyagarajann,India,WICKETKEEPER,Uncapped,30 L,,,,,,,,,,
217,Money Grewal,India,BOWLER,Uncapped,30 L,,,,,,,,,,
218,Ashwani Kumar,India,BOWLER,Uncapped,30 L,,,,,,,,,,
219,Ishan Porel,India,BOWLER,Uncapped,30 L,,,,,,,,,,
220,Abhilash Shetty,India,BOWLER,Uncapped,30 L,,,,,,,,,,
221,Akash Singh,India,BOWLER,Uncapped,30 L,,,,,,,,,,
222,Gurjapneet Singh,India,BOWLER,Uncapped,30 L,,,,,,,,,,
223,Basil Thampi,India,BOWLER,Uncapped,30 L,,,,,,,,,,
224,Murugan Ashwin,India,BOWLER,Uncapped,30 L,,,,,,,,,,
225,Shreyas Chavan,India,BOWLER,Uncapped,30 L,,,,,,,,,,
226,Chintal Gandhi,India,BOWLER,Uncapped,30 L,,,,,,,,,,
227,Raghav Goyal,India,BOWLER,Uncapped,30 L,,,,,,,,,,
228,Jagadeesha Suchith,India,BOWLER,Uncapped,30 L,,,,,,,,,,
229,Roshan Waghsare,India,BOWLER,Uncapped,30 L,,,,,,,,,,
230,Bailapudi Yeswanth,India,BOWLER,Uncapped,30 L,,,,,,,,,,
231,Sediqullah Atal,Afghanistan,BATTER,Capped,75 L,,,Afghanistan top-order batter | Aggressive opener,,,,,,,
232,Matthew Breetzke,South Africa,BATTER,Capped,75 L,,,South Africa top-order batter | 2025 Champions Trophy century | Rising ODI star,,,,,,,
233,Mark Chapman,New Zealand,BATTER,Capped,1.50 Cr,,,New Zealand middle-order batter | Versatile left-hander,,,,,,,
234,Brandon King,West Indies,BATTER,Capped,75 L,,,West Indies opener | Aggressive powerplay batter,,,,,,,
235,Evin Lewis,West Indies,BATTER,Capped,2 Cr,,,West Indies explosive opener | CPL power-hitting star,,,,,,,
236,Pathum Nissanka,Sri Lanka,BATTER,Capped,75 L,,,Sri Lanka top-order batter | Consistent ODI run-scorer,,,,,,,
237,Bhanuka Rajapaksa,Sri Lanka,BATTER,Capped,75 L,,,Sri Lanka left-hand power-hitter | Middle-order finisher,,,,,,,
238,Steve Smith,Australia,BATTER,Capped,2 Cr,,,Australia's Test & ODI great | 2015 & 2023 World Cup winner | Former RR & DC captain,,,,,,,
239,Gus Atkinson,England,ALL-ROUNDER,Capped,2 Cr,,,England seam-bowling all-rounder | Sharp pace & lower-order runs | Test breakout star,,,,,,,
240,Tom Curran,England,ALL-ROUNDER,Capped,2 Cr,,,England seam-bowling all-rounder | Death-overs specialist | Franchise T20 veteran,,,,,,,
241,Krishnappa Gowtham,India,ALL-ROUNDER,Capped,1 Cr,,,India off-spin all-rounder | Big-hitting lower order | Domestic T20 star,,,,,,,
242,Mohammad Nabi,Afghanistan,ALL-ROUNDER,Capped,1.50 Cr,,,Afghanistan's legendary all-rounder | Former captain | Off-spin & explosive hitting,,,,,,,
243,Gulbadin Naib,Afghanistan,ALL-ROUNDER,Capped,1 Cr,,,Afghanistan seam-bowling all-rounder | 2023 World Cup performer,,,,,,,
244,Sikandar Raza,Zimbabwe,ALL-ROUNDER,Capped,1.25 Cr,,,Zimbabwe's premier all-rounder | Powerful hitting & handy off-spin,,,,,,,
245,Mitchell Santner,New Zealand,ALL-ROUNDER,Capped,2 Cr,,Sunrisers Hyderabad,New Zealand left-arm spin all-rounder | NZ T20I captain | Economical & big hitting,75,,,,,,
246,Jayant Yadav,India,ALL-ROUNDER,Capped,75 L,,Gujarat Titans,India off-spin all-rounder | Reliable middle-overs bowler,,,,,,,
247,Johnson Charles,West Indies,WICKETKEEPER,Capped,75 L,,,West Indies keeper-opener | Explosive powerplay hitter,,,,,,,
248,Litton Das,Bangladesh,WICKETKEEPER,Capped,75 L,,,Bangladesh keeper-batter | Attacking top-order stroke-maker,,,,,,,
249,Andre Fletcher,West Indies,WICKETKEEPER,Capped,75 L,,,West Indies keeper-batter | Franchise T20 opener,,,,,,,
250,Tom Latham,New Zealand,WICKETKEEPER,Capped,1.50 Cr,,,New Zealand keeper-batter & captain | Reliable top-order anchor,,,,,,,
251,Ollie Pope,England,WICKETKEEPER,Capped,75 L,,,England Test keeper-batter | Aggressive stroke-maker,,,,,,,
252,Kyle Verreynne,South Africa,WICKETKEEPER,Capped,75 L,,,South Africa keeper-batter | Solid middle-order option,,,,,,,
253,Fazalhaq Farooqi,Afghanistan,BOWLER,Capped,2 Cr,,Rajasthan Royals,Afghanistan left-arm swing bowler | New-ball wicket-taker,65,,,,,,
254,Richard Gleeson,England,BOWLER,Capped,75 L,,,England seamer | Sharp pace & s.death-overs skills,,,,,,,
255,Matt Henry,New Zealand,BOWLER,Capped,2 Cr,,,New Zealand seamer | Reliable new-ball swing & wickets,,,,,,,
256,Alzarri Joseph,West Indies,BOWLER,Capped,2 Cr,,,West Indies express pace | Aggressive new-ball & middle-overs bowler,80,,,,,,
257,Kwena Maphaka,South Africa,BOWLER,Capped,75 L,,,South Africa teenage left-arm quick | Emerging pace sensation,55,,,,,,
258,Kuldeep Sen,India,BOWLER,Capped,75 L,,Punjab Kings,India seamer | Sharp pace & death-overs option,,,,,,,
259,Reece Topley,England,BOWLER,Capped,75 L,,,England left-arm quick | Tall new-ball swing bowler,,,,,,,
260,Lizaad Williams,South Africa,BOWLER,Capped,75 L,,,South Africa seamer | Skiddy new-ball & death bowler,,,,,,,
261,Luke Wood,England,BOWLER,Capped,75 L,,,England left-arm quick | Franchise T20 death-overs option,,,,,,,
262,Sachin Dhas,India,BATTER,Uncapped,30 L,,,,,,,,,,
263,Leus Du Plooy,England,BATTER,Uncapped,50 L,,,,,,,,,,
264,Ashwin Hebbar,India,BATTER,Uncapped,30 L,,,,,,,,,,
265,Rohan Kunnummal,India,BATTER,Uncapped,30 L,,,,,,,,,,
266,Ayush Pandey,India,BATTER,Uncapped,30 L,,,,,,,,,,
267,Akshat Raghuwanshi,India,BATTER,Uncapped,30 L,,,,,,,,,,
268,Shoun Roger,India,BATTER,Uncapped,40 L,,,,,,,,,,
269,Virat Singh,India,BATTER,Uncapped,30 L,,,,,,,,,,
270,Priyansh Arya,India,ALL-ROUNDER,Uncapped,30 L,,,,75,,,,,,
271,Manoj Bhandage,India,ALL-ROUNDER,Uncapped,30 L,,,,,,,,,,
272,Pravin Dubey,India,ALL-ROUNDER,Uncapped,30 L,,,,,,,,,,
273,Ajay Mandal,India,ALL-ROUNDER,Uncapped,30 L,,,,,,,,,,
274,Prerak Mankad,India,ALL-ROUNDER,Uncapped,30 L,,,,,,,,,,
275,Vipraj Nigam,India,ALL-ROUNDER,Uncapped,30 L,,,,,,,,,,
276,Vicky Ostwal,India,ALL-ROUNDER,Uncapped,30 L,,,,,,,,,,
277,Shivalik Sharma,India,ALL-ROUNDER,Uncapped,30 L,,,,,,,,,,
278,Salil Arora,India,WICKETKEEPER,Uncapped,30 L,,,,,,,,,,
279,Dinesh Bana,India,WICKETKEEPER,Uncapped,30 L,,,,,,,,,,
280,Ajitesh Guruswamy,India,WICKETKEEPER,Uncapped,30 L,,,,,,,,,,
281,Narayan Jagadeesan,India,WICKETKEEPER,Uncapped,30 L,,,,,,,,,,
282,Shrijith Krishnan,India,WICKETKEEPER,Uncapped,30 L,,,,,,,,,,
283,Michael Pepper,England,WICKETKEEPER,Uncapped,50 L,,,,,,,,,,
284,Vishnu Solanki,India,WICKETKEEPER,Uncapped,30 L,,,,,,,,,,
285,K.M Asif,India,BOWLER,Uncapped,30 L,,,,,,,,,,
286,Akhil Chaudhary,India,BOWLER,Uncapped,30 L,,,,,,,,,,
287,Himanshu Chauhan,India,BOWLER,Uncapped,30 L,,,,,,,,,,
288,Arpit Guleria,India,BOWLER,Uncapped,30 L,,,,,,,,,,
289,Nishanth Saranu,India,BOWLER,Uncapped,30 L,,,,,,,,,,
290,Kuldip Yadav,India,BOWLER,Uncapped,30 L,,,,,,,,,,
291,Prithviraj Yarra,India,BOWLER,Uncapped,30 L,,,,,,,,,,
292,Shubham Agrawal,India,BOWLER,Uncapped,30 L,,,,,,,,,,
293,Jass Inder Baidwan,India,BOWLER,Uncapped,30 L,,,,,,,,,,
294,Jasmer Dhankhar,India,BOWLER,Uncapped,30 L,,,,,,,,,,
295,Pulkit Narang,India,BOWLER,Uncapped,30 L,,,,,,,,,,
296,Saumy Pandey,India,BOWLER,Uncapped,30 L,,,,,,,,,,
297,Mohit Rathee,India,BOWLER,Uncapped,30 L,,,,,,,,,,
298,Himanshu Singh,India,BOWLER,Uncapped,30 L,,,,,,,,,,
299,Towhid Hridoy,Bangladesh,BATTER,Capped,75 L,,,Bangladesh middle-order batter | Rising limited-overs run-scorer,,,,,,,
300,Mikyle Louis,West Indies,BATTER,Capped,75 L,,,West Indies top-order batter | Emerging Test & T20 talent,,,,,,,
301,Harry Tector,Ireland,BATTER,Capped,75 L,,,Ireland's premier batter | Consistent middle-order run-scorer,,,,,,,
302,Rassie Van Der Dussen,South Africa,BATTER,Capped,2 Cr,,,South Africa top-order anchor | 2023 World Cup key batter,,,,,,,
303,Will Young,New Zealand,BATTER,Capped,1.25 Cr,,,New Zealand top-order batter | Reliable Test & ODI run-scorer,,,,,,,
304,Najibullah Zadran,Afghanistan,BATTER,Capped,75 L,,,Afghanistan middle-order power-hitter | Explosive left-hander,,,,,,,
305,Ibrahim Zadran,Afghanistan,BATTER,Capped,75 L,,,Afghanistan's leading batter | ODI double-centurion | 2023 World Cup star,,,,,,,
306,Sean Abbott,Australia,ALL-ROUNDER,Capped,2 Cr,,,Australia seam-bowling all-rounder | Death-overs & lower-order hitting,,,,,,,
307,Jacob Bethell,England,ALL-ROUNDER,Capped,1.25 Cr,,Royal Challengers Bengaluru,England young left-hand all-rounder | Rising top-order & spin option,80,,,,,,
308,Brydon Carse,England,ALL-ROUNDER,Capped,1 Cr,,,England seam-bowling all-rounder | Sharp pace & lower-order runs,,,,,,,
309,Aaron Hardie,Australia,ALL-ROUNDER,Capped,1.25 Cr,,,Australia seam-bowling all-rounder | Powerplay hitting & handy seam,,,,,,,
310,Sarfaraz Khan,India,ALL-ROUNDER,Capped,75 L,,,India middle-order batter | Prolific domestic run-machine | Test century-maker,,,,,,,
311,Kyle Mayers,West Indies,ALL-ROUNDER,Capped,1.50 Cr,,,West Indies all-rounder | Explosive opener & handy seam | Test debut double-hundred,,,,,,,
312,Kamindu Mendis,Sri Lanka,ALL-ROUNDER,Capped,75 L,,Sunrisers Hyderabad,Sri Lanka all-rounder | Ambidextrous bowler | Consistent Test run-scorer,,,,,,,
313,Matthew Short,Australia,ALL-ROUNDER,Capped,75 L,,,Australia top-order all-rounder | Explosive opener & off-spin,,,,,,,
314,Jason Behrendorff,Australia,BOWLER,Capped,1.50 Cr,,,Australia left-arm swing bowler | New-ball powerplay specialist,,,,,,,
315,Dushmantha Chameera,Sri Lanka,BOWLER,Capped,75 L,,Delhi Capitals,Sri Lanka express pace | Sharp new-ball & death bowler,,,,,,,
316,Nathan Ellis,Australia,BOWLER,Capped,1.25 Cr,,,Australia seamer | Yorker & slower-ball death specialist,65,,,,,,
317,Shamar Joseph,West Indies,BOWLER,Capped,75 L,,Lucknow Super Giants,West Indies express pace | Sensational Test debut (7 wickets) | Raw speed,,,,,,,
318,Josh Little,Ireland,BOWLER,Capped,75 L,,,Ireland left-arm quick | New-ball wicket-taker,,,,,,,
319,Shivam Mavi,India,BOWLER,Capped,75 L,,,India seamer | Sharp new-ball pace | KKR title winner,,,,,,,
320,Jhye Richardson,Australia,BOWLER,Capped,1.50 Cr,,,Australia express pace | Sharp bounce & new-ball wickets,,,,,,,
321,Navdeep Saini,India,BOWLER,Capped,75 L,,,India express pace | Raw speed & new-ball threat,,,,,,,
322,Tanmay Agarwal,India,BATTER,Uncapped,30 L,,,,,,,,,,
323,Amandeep Khare,India,BATTER,Uncapped,30 L,,,,,,,,,,
324,Ayush Mhatre,India,BATTER,Uncapped,30 L,,,,,,,,,,
325,Salman Nizar,India,BATTER,Uncapped,30 L,,,,,,,,,,
326,Aniket Verma,India,BATTER,Uncapped,30 L,,,,,,,,,,
327,Sumeet Verma,India,BATTER,Uncapped,30 L,,,,,,,,,,
328,Manan Vohra,India,BATTER,Uncapped,30 L,,,,60,,,,,,
329,Samarth Vyas,India,BATTER,Uncapped,30 L,,,,,,,,,,
330,Raj Angad Bawa,India,ALL-ROUNDER,Uncapped,30 L,,,,,,,,,,
331,Emanjot Chahal,India,ALL-ROUNDER,Uncapped,30 L,,,,,,,,,,
332,Musheer Khan,India,ALL-ROUNDER,Uncapped,30 L,,,,,,,,,,
333,Manvanth Kumar L,India,ALL-ROUNDER,Uncapped,30 L,,,,,,,,,,
334,Mayank Rawat,India,ALL-ROUNDER,Uncapped,30 L,,,,,,,,,,
335,Suryansh Shedge,India,ALL-ROUNDER,Uncapped,30 L,,,,,,,,,,
336,Hritik Shokeen,India,ALL-ROUNDER,Uncapped,30 L,,,,,,,,,,
337,Sonu Yadav,India,ALL-ROUNDER,Uncapped,30 L,,,,,,,,,,
338,S. Rithik Easwaran,India,WICKETKEEPER,Uncapped,30 L,,,,,,,,,,
339,Anmol Malhotra,India,WICKETKEEPER,Uncapped,30 L,,,,,,,,,,
340,Pradosh Paul,India,WICKETKEEPER,Uncapped,30 L,,,,,,,,,,
341,Karteek Sharma,India,WICKETKEEPER,Uncapped,30 L,,,,,,,,,,
342,Akash Singh,India,WICKETKEEPER,Uncapped,30 L,,,,,,,,,,
343,Tejasvi Singh,India,WICKETKEEPER,Uncapped,30 L,,,,,,,,,,
344,Siddharth Yadav,India,WICKETKEEPER,Uncapped,30 L,,,,,,,,,,
345,Saurabh Dubey,India,BOWLER,Uncapped,30 L,,,,,,,,,,
346,Aaqib Khan,India,BOWLER,Uncapped,30 L,,,,,,,,,,
347,Kulwant Khejroliya,India,BOWLER,Uncapped,30 L,,,,,,,,,,
348,Ankit Singh Rajpoot,India,BOWLER,Uncapped,30 L,,,,,,,,,,
349,Divesh Sharma,India,BOWLER,Uncapped,30 L,,,,,,,,,,
350,Naman Tiwari,India,BOWLER,Uncapped,30 L,,,,,,,,,,
351,Prince Yadav,India,BOWLER,Uncapped,30 L,,,,80,,,,,,
352,Kunal Singh Chibb,India,BOWLER,Uncapped,30 L,,,,,,,,,,
353,Yuvraj Chudasama,India,BOWLER,Uncapped,30 L,,,,,,,,,,
354,Deepak Devadiga,India,BOWLER,Uncapped,30 L,,,,,,,,,,
355,Ramesh Prasad,India,BOWLER,Uncapped,30 L,,,,,,,,,,
356,Shivam Shukla,India,BOWLER,Uncapped,30 L,,,,,,,,,,
358,Tejpreet Singh,India,BOWLER,Uncapped,30 L,,,,,,,,,,
359,Qais Ahmad,Afghanistan,ALL-ROUNDER,Capped,75 L,,,Afghanistan leg-spin all-rounder | Attacking wrist-spinner,,,,,,,
360,Charith Asalanka,Sri Lanka,ALL-ROUNDER,Capped,75 L,,,Sri Lanka middle-order all-rounder & captain | Reliable batter & off-spin,,,,,,,
361,Michael Bracewell,New Zealand,ALL-ROUNDER,Capped,1.50 Cr,,,New Zealand off-spin all-rounder | Explosive hitting & handy spin,,,,,,,
362,Gudakesh Motie,West Indies,ALL-ROUNDER,Capped,75 L,,,West Indies left-arm spin all-rounder | Economical middle-overs bowler,,,,,,,
363,Daniel Mousley,England,ALL-ROUNDER,Capped,75 L,,,England left-hand spin all-rounder | Emerging T20 talent,,,,,,,
364,Jamie Overton,England,ALL-ROUNDER,Capped,1.50 Cr,,,England seam-bowling all-rounder | Sharp pace & big hitting,,,,,,,
365,Dunith Wellalage,Sri Lanka,ALL-ROUNDER,Capped,75 L,,,Sri Lanka left-arm spin all-rounder | Rising young all-round star,,,,,,,
366,Ottneil Baartman,South Africa,BOWLER,Capped,75 L,,,South Africa seamer | Consistent T20 wicket-taker,,,,,,,
367,Xavier Bartlett,Australia,BOWLER,Capped,75 L,,,Australia seamer | New-ball swing & wickets,80,,,,,,
368,Dilshan Madushanka,Sri Lanka,BOWLER,Capped,75 L,,Mumbai Indians,Sri Lanka left-arm quick | New-ball & death-overs wicket-taker,,,,,,,
369,Adam Milne,New Zealand,BOWLER,Capped,2 Cr,,,New Zealand express pace | Genuine speed & death skills,,,,,,,
370,Lungisani Ngidi,South Africa,BOWLER,Capped,1 Cr,,,South Africa seamer | Reliable middle & death-overs bowler,,,,,,,
371,William O'Rourke,New Zealand,BOWLER,Capped,1.50 Cr,,,New Zealand tall seamer | Sharp bounce & new-ball wickets,,,,,,,
372,Chetan Sakariya,India,BOWLER,Capped,75 L,,,India left-arm swing bowler | New-ball powerplay option,,,,,,,
373,Sandeep Warrier,India,BOWLER,Capped,75 L,,,India seamer | Franchise T20 new-ball option,,,,,,,
374,Musaif Ajaz,India,BATTER,Uncapped,30 L,,,,,,,,,,
375,Agni Chopra,India,BATTER,Uncapped,30 L,,,,,,,,,,
376,Abhimanyu Easwaran,India,BATTER,Uncapped,30 L,,,,,,,,,,
377,Sudip Gharami,India,BATTER,Uncapped,30 L,,,,,,,,,,
378,Shubham Khajuria,India,BATTER,Uncapped,30 L,,,,,,,,,,
379,Akhil Rawat,India,BATTER,Uncapped,30 L,,,,,,,,,,
380,Prateek Yadav,India,BATTER,Uncapped,30 L,,,,,,,,,,
381,Abdul Bazith,India,ALL-ROUNDER,Uncapped,30 L,,,,,,,,,,
382,K.C Cariappa,India,ALL-ROUNDER,Uncapped,30 L,,,,,,,,,,
383,Yuvraj Chaudhary,India,ALL-ROUNDER,Uncapped,30 L,,,,,,,,,,
384,Aman Khan,India,ALL-ROUNDER,Uncapped,30 L,,,,,,,,,,
385,Sumit Kumar,India,ALL-ROUNDER,Uncapped,30 L,,,,,,,,,,
386,Kamlesh Nagarkoti,India,ALL-ROUNDER,Uncapped,30 L,,,,,,,,,,
387,Hardik Raj,India,ALL-ROUNDER,Uncapped,30 L,,,,,,,,,,
388,Harsh Tyagi,India,ALL-ROUNDER,Uncapped,30 L,,,,,,,,,,
389,M. Ajnas,India,WICKETKEEPER,Uncapped,30 L,,,,,,,,,,
390,Unmukt Chand,USA,WICKETKEEPER,Associate,30 L,,,,,,,,,,
391,Tejasvi Dahiya,India,WICKETKEEPER,Uncapped,30 L,,,,,,,,,,
392,Sumit Ghadigaonkar,India,WICKETKEEPER,Uncapped,30 L,,,,,,,,,,
393,Baba Indrajith,India,WICKETKEEPER,Uncapped,30 L,,,,,,,,,,
394,Muhammed Khan,India,WICKETKEEPER,Uncapped,30 L,,,,,,,,,,
395,Bhagmender Lather,India,WICKETKEEPER,Uncapped,30 L,,,,,,,,,,
396,Baltej Dhanda,India,BOWLER,Uncapped,30 L,,,,,,,,,,
397,Ali Khan,USA,BOWLER,Associate,30 L,,,,,,,,,,
398,Ravi Kumar,India,BOWLER,Uncapped,30 L,,,,,,,,,,
399,Vineet Panwar,India,BOWLER,Uncapped,30 L,,,,,,,,,,
400,Vidyadhar Patil,India,BOWLER,Uncapped,30 L,,,,,,,,,,
401,Aradhya Shukla,India,BOWLER,Uncapped,30 L,,,,,,,,,,
402,Abhinandan Singh,India,BOWLER,Uncapped,30 L,,,,,,,,,,
403,Cooper Connolly,Australia,ALL-ROUNDER,Capped,75 L,,,Australia left-hand all-rounder | Rising batting & spin talent,,,,,,,
404,Dushan Hemantha,Sri Lanka,ALL-ROUNDER,Capped,75 L,,,Sri Lanka leg-spin all-rounder | Emerging wrist-spin option,,,,,,,
405,Jason Holder,West Indies,ALL-ROUNDER,Capped,2 Cr,,,West Indies all-rounder & former captain | Big hitting & sharp seam,,,,,,,
406,Karim Janat,Afghanistan,ALL-ROUNDER,Capped,75 L,,,Afghanistan seam-bowling all-rounder | Handy lower-order hitter,,,,,,,
407,Jimmy Neesham,New Zealand,ALL-ROUNDER,Capped,1.50 Cr,,,New Zealand all-rounder | Explosive finisher & handy seam,,,,,,,
408,Daniel Sams,Australia,ALL-ROUNDER,Capped,1.50 Cr,,,Australia left-arm pace all-rounder | Death-overs & big hitting,,,,,,,
409,William Sutherland,Australia,ALL-ROUNDER,Capped,75 L,,,Australia seam-bowling all-rounder | Emerging pace & batting talent,,,,,,,
410,Taskin Ahmed,Bangladesh,BOWLER,Capped,1 Cr,,,Bangladesh's pace spearhead | Sharp new-ball & death bowler,,,,,,,
411,Ben Dwarshuis,Australia,BOWLER,Capped,75 L,,,Australia left-arm quick | Death-overs & new-ball option,,,,,,,
412,Obed McCoy,West Indies,BOWLER,Capped,1.25 Cr,,,West Indies left-arm quick | Death-overs specialist,,,,,,,
413,Riley Meredith,Australia,BOWLER,Capped,1.50 Cr,,,Australia express pace | Sharp bounce & death skills,,,,,,,
414,Lance Morris,Australia,BOWLER,Capped,1.25 Cr,,,Australia express pace | Genuine speed & new-ball threat,,,,,,,
415,Olly Stone,England,BOWLER,Capped,75 L,,,England express pace | Sharp new-ball wicket-taker,,,,,,,
416,Daniel Worrall,England,BOWLER,Capped,1.50 Cr,,,England seamer | Skiddy new-ball swing & wickets,,,,,,,
417,Pyla Avinash,India,BATTER,Uncapped,30 L,,,,,,,,,,
418,Kiran Chormale,India,BATTER,Uncapped,30 L,,,,,,,,,,
419,Ashish Dahariya,India,BATTER,Uncapped,30 L,,,,,,,,,,
420,Tushar Raheja,India,BATTER,Uncapped,30 L,,,,,,,,,,
421,Sarthak Ranjan,India,BATTER,Uncapped,30 L,,,,,,,,,,
422,Abhijeet Tomar,India,BATTER,Uncapped,30 L,,,,,,,,,,
423,Krish Bhagat,India,ALL-ROUNDER,Uncapped,30 L,,,,,,,,,,
424,Sohraab Dhaliwal,India,ALL-ROUNDER,Uncapped,30 L,,,,,,,,,,
425,Harsh Dubey,India,ALL-ROUNDER,Uncapped,30 L,,,,,,,,,,
426,Ramakrishna Ghosh,India,ALL-ROUNDER,Uncapped,30 L,,,,,,,,,,
427,Raj Limbani,India,ALL-ROUNDER,Uncapped,30 L,,,,,,,,,,
428,Ninad Rathva,India,ALL-ROUNDER,Uncapped,30 L,,,,,,,,,,
429,Vivrant Sharma,India,ALL-ROUNDER,Uncapped,30 L,,,,,,,,,,
430,Shiva Singh,India,ALL-ROUNDER,Uncapped,30 L,,,,,,,,,,
431,Sayed Irfan Aftab,India,BOWLER,Uncapped,30 L,,,,,,,,,,
432,Anirudh Chowdhary,India,BOWLER,Uncapped,30 L,,,,,,,,,,
433,Anshuman Hooda,India,BOWLER,Uncapped,30 L,,,,,,,,,,
434,Siddharth Kaul,India,BOWLER,Uncapped,40 L,,,,,,,,,,
435,Prashant Sai Painkra,India,BOWLER,Uncapped,30 L,,,,,,,,,,
436,Venkata Satyanarayana Penmetsa,India,BOWLER,Uncapped,30 L,,,,,,,,,,
437,Yeddala Reddy,India,BOWLER,Uncapped,30 L,,,,,,,,,,
438,Zak Foulkes,New Zealand,ALL-ROUNDER,Capped,75 L,,,New Zealand seam-bowling all-rounder | Emerging pace & batting talent,,,,,,,
439,Chris Green,Australia,ALL-ROUNDER,Capped,1 Cr,,,Australia off-spin all-rounder | Economical spin & big hitting,,,,,,,
440,Shakib Al Hasan,Bangladesh,ALL-ROUNDER,Capped,1 Cr,,,Bangladesh's greatest all-rounder | World No.1 all-rounder across formats,,,,,,,
441,Mehidy Hasan Miraz,Bangladesh,ALL-ROUNDER,Capped,1 Cr,,,Bangladesh off-spin all-rounder | Reliable spin & lower-order runs,,,,,,,
442,Wiaan Mulder,South Africa,ALL-ROUNDER,Capped,75 L,,,South Africa seam-bowling all-rounder | Test double-century | Handy seam,,,,,,,
443,Dwaine Pretorius,South Africa,ALL-ROUNDER,Capped,75 L,,,South Africa seam-bowling all-rounder | Death-overs & finishing,,,,,,,
444,Dasun Shanaka,Sri Lanka,ALL-ROUNDER,Capped,75 L,,,Sri Lanka all-rounder & former captain | Power hitting & handy seam,,,,,,,
445,Shoriful Islam,Bangladesh,BOWLER,Capped,75 L,,,Bangladesh left-arm quick | New-ball swing specialist,,,,,,,
446,Blessing Muzarabani,Zimbabwe,BOWLER,Capped,75 L,,,Zimbabwe's tall express quick | Sharp bounce & new-ball wickets,,,,,,,
447,Matthew Potts,England,BOWLER,Capped,1.50 Cr,,,England seamer | Reliable new-ball swing & wickets,,,,,,,
448,Tanzim Hasan Sakib,Bangladesh,BOWLER,Capped,75 L,,,Bangladesh seamer | Aggressive new-ball wicket-taker,,,,,,,
449,Benjamin Sears,New Zealand,BOWLER,Capped,1 Cr,,,New Zealand express pace | Sharp speed & new-ball threat,,,,,,,
450,Tim Southee,New Zealand,BOWLER,Capped,1.50 Cr,,Kolkata Knight Riders,New Zealand swing veteran | Former NZ captain | 400-plus international wickets,,,,,,,
451,John Turner,England,BOWLER,Capped,1.50 Cr,,,England express pace | Emerging speed sensation,,,,,,,
452,Joshua Brown,Australia,BATTER,Uncapped,30 L,,,,,,,,,,
453,Oliver Davies,Australia,BATTER,Uncapped,30 L,,,,,,,,,,
454,Bevan John Jacobs,New Zealand,BATTER,Uncapped,30 L,,,,,,,,,,
455,Atharva Kale,India,BATTER,Uncapped,30 L,,,,,,,,,,
456,Abhishek Nair,India,BATTER,Uncapped,30 L,,,,,,,,,,
457,Vishwanath Pratap Singh,India,BATTER,Uncapped,30 L,,,,,,,,,,
458,Nasir Lone,India,ALL-ROUNDER,Uncapped,30 L,,,,,,,,,,
459,Brandon McMullen,Scotland,ALL-ROUNDER,Associate,30 L,,,,,,,,,,
460,S. Midhun,India,ALL-ROUNDER,Uncapped,30 L,,,,,,,,,,
461,Abid Mushtaq,India,ALL-ROUNDER,Uncapped,30 L,,,,,,,,,,
462,Mahesh Pithiya,India,ALL-ROUNDER,Uncapped,30 L,,,,,,,,,,
463,Maramreddy Reddy,India,ALL-ROUNDER,Uncapped,30 L,,,,,,,,,,
464,Atit Sheth,India,ALL-ROUNDER,Uncapped,30 L,,,,,,,,,,
465,Jonty Sidhu,India,ALL-ROUNDER,Uncapped,30 L,,,,,,,,,,
466,Mohit Avasthi,India,BOWLER,Uncapped,30 L,,,,,,,,,,
467,Faridoon Dawoodzai,Afghanistan,BOWLER,Uncapped,30 L,,,,,,,,,,
468,Praful Hinge,India,BOWLER,Uncapped,30 L,,,,,,,,,,
469,Pankaj Jaswal,India,BOWLER,Uncapped,30 L,,,,,,,,,,
470,Vijay Kumar,India,BOWLER,Uncapped,30 L,,,,,,,,,,
471,Ashok Sharma,India,BOWLER,Uncapped,30 L,,,,75,,,,,,
472,Mujtaba Yousuf,India,BOWLER,Uncapped,30 L,,,,,,,,,,
473,Ashton Agar,Australia,ALL-ROUNDER,Capped,1.25 Cr,,,Australia left-arm spin all-rounder | 2013 Ashes debut fifty | Handy batting,,,,,,,
474,Roston Chase,West Indies,ALL-ROUNDER,Capped,75 L,,,West Indies off-spin all-rounder | Reliable batting & economical spin,,,,,,,
475,Junior Dala,South Africa,ALL-ROUNDER,Capped,75 L,,,South Africa seam-bowling all-rounder | Death-overs & big hitting,,,,,,,
476,Mahedi Hasan,Bangladesh,ALL-ROUNDER,Capped,75 L,,,Bangladesh off-spin all-rounder | Powerplay & middle-overs option,,,,,,,
477,Nangeyalia Kharote,Afghanistan,ALL-ROUNDER,Capped,75 L,,,Afghanistan spin all-rounder | Emerging wrist-spin talent,,,,,,,
478,Dan Lawrence,England,ALL-ROUNDER,Capped,1 Cr,,,England batting all-rounder | Reliable top-order & handy off-spin,,,,,,,
479,Nathan Smith,New Zealand,ALL-ROUNDER,Capped,1 Cr,,,New Zealand seam-bowling all-rounder | Death-overs & lower-order runs,,,,,,,
480,James Anderson,England,BOWLER,Capped,1.25 Cr,,,England's greatest fast bowler | 700-plus Test wickets | Master of swing,,,,,,,
481,Kyle Jamieson,New Zealand,BOWLER,Capped,1.50 Cr,,,New Zealand tall seamer | Sharp bounce & Test wickets | RCB IPL 2021 buy,,,,,,,
482,Chris Jordan,England,BOWLER,Capped,2 Cr,,,England death-overs specialist | Yorkers & slower balls | Franchise T20 veteran,,,,,,,
483,Hasan Mahmud,Bangladesh,BOWLER,Capped,75 L,,,Bangladesh seamer | New-ball swing & wickets,,,,,,,
484,Tymal Mills,England,BOWLER,Capped,2 Cr,,,England left-arm express pace | Death-overs specialist,,,,,,,
485,David Payne,England,BOWLER,Capped,1 Cr,,,Bangladesh express pace | Raw speed & new-ball threat,,,,,,,
486,Nahid Rana,Bangladesh,BOWLER,Capped,75 L,,,England left-arm quick | Reliable new-ball & death bowler,,,,,,,
487,Prayas Ray Barman,India,BATTER,Uncapped,30 L,,,,,,,,,,
488,Jafar Jamal,India,BATTER,Uncapped,30 L,,,,,,,,,,
489,Ayaz Khan,India,BATTER,Uncapped,30 L,,,,,,,,,,
490,Kaushik Maity,India,BATTER,Uncapped,30 L,,,,,,,,,,
491,Rituraj Sharma,India,BATTER,Uncapped,30 L,,,,,,,,,,
492,Vaibhav Suryavanshi,India,BATTER,Uncapped,30 L,,,,75,,,,,,
493,Kartik Chadha,India,ALL-ROUNDER,Uncapped,30 L,,,,,,,,,,
494,Writtick Chatterjee,India,ALL-ROUNDER,Uncapped,30 L,,,,,,,,,,
495,Prerit Dutta,India,ALL-ROUNDER,Uncapped,30 L,,,,,,,,,,
496,Rajneesh Gurbani,India,ALL-ROUNDER,Uncapped,30 L,,,,,,,,,,
497,Shubhang Hegde,India,ALL-ROUNDER,Uncapped,30 L,,,,,,,,,,
498,Saransh Jain,India,ALL-ROUNDER,Uncapped,30 L,,,,,,,,,,
499,Ripal Patel,India,ALL-ROUNDER,Uncapped,30 L,,,,,,,,,,
500,Akash Vashisht,India,ALL-ROUNDER,Uncapped,30 L,,,,,,,,,,
501,Anirudh Kanwar,India,BOWLER,Uncapped,30 L,,,,,,,,,,
502,Shubham Kapse,India,BOWLER,Uncapped,30 L,,,,,,,,,,
503,Atif Mushtaq,India,BOWLER,Uncapped,30 L,,,,,,,,,,
504,Dipesh Parwani,India,BOWLER,Uncapped,30 L,,,,,,,,,,
505,Manish Reddy,India,BOWLER,Uncapped,30 L,,,,,,,,,,
506,Chetan Sharma,India,BOWLER,Uncapped,30 L,,,,,,,,,,
507,Avinash Singh,India,BOWLER,Uncapped,30 L,,,,,,,,,,
508,Alick Athanaze,West Indies,ALL-ROUNDER,Capped,75 L,,,West Indies top-order all-rounder | Rising Test & T20 batter,,,,,,,
509,Hilton Cartwright,Australia,ALL-ROUNDER,Capped,75 L,,,Australia batting all-rounder | Middle-order runs & handy seam,,,,,,,
510,Dominic Drakes,West Indies,ALL-ROUNDER,Capped,1.25 Cr,,,West Indies left-arm pace all-rounder | Death-overs hitting & seam,,,,,,,
511,Daryn Dupavillon,South Africa,BOWLER,Capped,75 L,,,South Africa express pace | Sharp new-ball speed,,,,,,,
512,Matthew Forde,West Indies,ALL-ROUNDER,Capped,1.25 Cr,,,West Indies off-spin all-rounder | Emerging batting & spin talent,,,,,,,
513,Patrick Kruger,South Africa,ALL-ROUNDER,Capped,75 L,,,South Africa all-rounder | Domestic power-hitting & handy seam,,,,,,,
514,Lahiru Kumara,Sri Lanka,BOWLER,Capped,75 L,,,Sri Lanka express pace | Sharp bounce & new-ball wickets,,,,,,,
515,Michael Neser,Australia,ALL-ROUNDER,Capped,75 L,,,Australia seam-bowling all-rounder | New-ball swing & lower-order runs,,,,,,,
516,Richard Ngarava,Zimbabwe,BOWLER,Capped,75 L,,,Zimbabwe left-arm quick | New-ball swing specialist,,,,,,,
517,Wayne Parnell,South Africa,BOWLER,Capped,1 Cr,,,South Africa left-arm quick | Experienced new-ball & death bowler,,,,,,,
518,Keemo Paul,West Indies,ALL-ROUNDER,Capped,1.25 Cr,,,West Indies seam-bowling all-rounder | Death-overs & handy hitting,,,,,,,
519,Odean Smith,West Indies,ALL-ROUNDER,Capped,75 L,,,West Indies pace all-rounder | Express speed & big hitting,,,,,,,
520,Andrew Tye,Australia,BOWLER,Capped,75 L,,,Australia seamer | Death-overs specialist | Former IPL Purple Cap contender,,,,,,,
521,Ajay Ahlawat,India,ALL-ROUNDER,Uncapped,40 L,,,,,,,,,,
522,Corbin Bosch,South Africa,ALL-ROUNDER,Uncapped,30 L,,,,,,,,,,
523,Mayank Gusain,India,ALL-ROUNDER,Uncapped,30 L,,,,,,,,,,
524,Mukhtar Hussain,India,ALL-ROUNDER,Uncapped,30 L,,,,,,,,,,
525,Girinath Reddy,India,ALL-ROUNDER,Uncapped,30 L,,,,,,,,,,
526,Jalaj Saxena,India,ALL-ROUNDER,Uncapped,40 L,,,,,,,,,,
527,Yajas Sharma,India,ALL-ROUNDER,Uncapped,30 L,,,,,,,,,,
528,Sanjay Yadav,India,ALL-ROUNDER,Uncapped,30 L,,,,,,,,,,
529,Vishal Godara,India,BOWLER,Uncapped,30 L,,,,,,,,,,
530,Eshan Malinga,Sri Lanka,BOWLER,Uncapped,30 L,,,,,,,,,,
531,Samarth Nagraj,India,BOWLER,Uncapped,30 L,,,,,,,,,,
532,Abhishek Saini,India,BOWLER,Uncapped,30 L,,,,,,,,,,
533,Dumindu Sewmina,Sri Lanka,BOWLER,Uncapped,30 L,,,,,,,,,,
534,Pradyuman Kumar Singh,India,BOWLER,Uncapped,30 L,,,,,,,,,,
535,Vasu Vats,India,BOWLER,Uncapped,30 L,,,,,,,,,,
536,Umang Kumar,India,ALL-ROUNDER,Uncapped,30 L,,,,,,,,,,
537,Mohamed Ali,India,ALL-ROUNDER,Uncapped,30 L,,,,,,,,,,
538,Atharva Ankolekar,India,ALL-ROUNDER,Uncapped,30 L,,,,,,,,,,
539,Vaisakh Chandran,India,ALL-ROUNDER,Uncapped,30 L,,,,,,,,,,
540,Auqib Dar,India,ALL-ROUNDER,Uncapped,30 L,,,,,,,,,,
541,Rohit Rayudu,India,ALL-ROUNDER,Uncapped,30 L,,,,,,,,,,
542,Uday Saharan,India,ALL-ROUNDER,Uncapped,30 L,,,,,,,,,,
543,Ayush Vartak,India,ALL-ROUNDER,Uncapped,30 L,,,,,,,,,,
544,Baba Aparajith,India,ALL-ROUNDER,Uncapped,30 L,,,,,,,,,,
545,Sumit Kumar Beniwal,India,ALL-ROUNDER,Uncapped,30 L,,,,,,,,,,
546,Nishunk Birla,India,ALL-ROUNDER,Uncapped,30 L,,,,,,,,,,
547,Digvijay Deshmukh,India,ALL-ROUNDER,Uncapped,30 L,,,,,,,,,,
548,Lakshay Jain,India,ALL-ROUNDER,Uncapped,30 L,,,,,,,,,,
549,Duan Jansen,South Africa,ALL-ROUNDER,Uncapped,30 L,,,,,,,,,,
550,Kritagya Singh,India,ALL-ROUNDER,Uncapped,30 L,,,,,,,,,,
551,P. Vignesh,India,ALL-ROUNDER,Uncapped,30 L,,,,,,,,,,
552,Sabhay Chadha,India,ALL-ROUNDER,Uncapped,30 L,,,,,,,,,,
553,Ben Howell,England,ALL-ROUNDER,Uncapped,50 L,,,,,,,,,,
554,Hemanth Kumar,India,ALL-ROUNDER,Uncapped,30 L,,,,,,,,,,
555,Rohan Rana,India,ALL-ROUNDER,Uncapped,30 L,,,,,,,,,,
556,Bharat Sharma,India,ALL-ROUNDER,Uncapped,30 L,,,,,,,,,,
557,Pratham Singh,India,ALL-ROUNDER,Uncapped,30 L,,,,,,,,,,
558,Tripurana Vijay,India,ALL-ROUNDER,Uncapped,30 L,,,,,,,,,,
559,Ravi Yadav,India,ALL-ROUNDER,Uncapped,30 L,,,,,,,,,,
560,Arjun Azad,India,ALL-ROUNDER,Uncapped,30 L,,,,,,,,,,
561,Abhay Choudhary,India,ALL-ROUNDER,Uncapped,30 L,,,,,,,,,,
562,Gaurav Gambhir,India,ALL-ROUNDER,Uncapped,30 L,,,,,,,,,,
563,Shubham Garhwal,India,ALL-ROUNDER,Uncapped,30 L,,,,,,,,,,
564,Tejasvi Jaiswal,India,ALL-ROUNDER,Uncapped,30 L,,,,,,,,,,
565,Sairaj Patil,India,ALL-ROUNDER,Uncapped,30 L,,,,,,,,,,
566,Madhav Tiwari,India,ALL-ROUNDER,Uncapped,30 L,,,,,,,,,,
567,Kamal Tripathi,India,ALL-ROUNDER,Uncapped,30 L,,,,,,,,,,
568,Prashant Chauhan,India,ALL-ROUNDER,Uncapped,30 L,,,,,,,,,,
569,Yash Dabas,India,ALL-ROUNDER,Uncapped,30 L,,,,,,,,,,
570,Dhruv Kaushik,India,ALL-ROUNDER,Uncapped,30 L,,,,,,,,,,
571,Khrievitso Kense,India,ALL-ROUNDER,Uncapped,30 L,,,,,,,,,,
572,Akash Parkar,India,ALL-ROUNDER,Uncapped,30 L,,,,,,,,,,
573,Vignesh Puthur,India,ALL-ROUNDER,Uncapped,30 L,,,,,,,,,,
574,Tripuresh Singh,India,ALL-ROUNDER,Uncapped,30 L,,,,,,,,,,
575,Vijay Yadav,India,ALL-ROUNDER,Uncapped,30 L,,,,,,,,,,
576,Saurabh Netravalkar,USA,BOWLER,Associate,30 L,,,,,,,,,,
577,Hardik Tamore,India,WICKETKEEPER,Uncapped,30 L,,,,,,,,,,
578,Ruturaj Gaikwad,India,BATTER,Capped,2 Cr,,Chennai Super Kings,CSK captain | IPL 2021 title winner | Prolific top-order opener,85,,,,,,
579,Shivam Dube,India,ALL-ROUNDER,Capped,1.50 Cr,,Chennai Super Kings,India middle-order all-rounder | Explosive finisher & handy seam | 2024 T20 WC winner,85,,,,,,
580,Ravindra Jadeja,India,ALL-ROUNDER,Capped,2 Cr,,Chennai Super Kings,India's champion all-rounder | Multiple IPL titles with CSK | Elite left-arm spin & fielding,90,,,,,,
581,Matheesha Pathirana,Sri Lanka,BOWLER,Capped,1.50 Cr,,Chennai Super Kings,Sri Lanka slinger | Death-overs yorker specialist | CSK's Malinga heir,75,,,,,,
582,MS Dhoni,India,WICKETKEEPER,Capped,2 Cr,,Chennai Super Kings,CSK icon & former captain | 5-time IPL title-winning captain | India's greatest finisher,95,,,,,,
583,Jasprit Bumrah,India,BOWLER,Capped,2 Cr,,Mumbai Indians,World's No.1 fast bowler | 2024 T20 World Cup Player of the Tournament | Yorker master,100,,,,,,
584,Suryakumar Yadav,India,BATTER,Capped,2 Cr,,Mumbai Indians,India's 360-degree T20 star | 2024 T20 World Cup winner | Explosive middle-order,90,,,,,,
585,Hardik Pandya,India,ALL-ROUNDER,Capped,2 Cr,,Mumbai Indians,India's premier all-rounder | 2024 T20 World Cup-winning captain | Power hitting & seam,95,,,,,,
586,Rohit Sharma,India,BATTER,Capped,2 Cr,,Mumbai Indians,India captain | 2024 T20 World Cup winner | Most sixes in T20I history,100,,,,,,
587,Tilak Varma,India,BATTER,Capped,1.50 Cr,,Mumbai Indians,India's young left-hand star | Explosive middle-order,90,,,,,,
588,Virat Kohli,India,BATTER,Capped,2 Cr,,Royal Challengers Bengaluru,Modern batting great | IPL's all-time leading run-scorer | 2024 T20 World Cup winner,100,,,,,,
589,Rajat Patidar,India,BATTER,Capped,1.50 Cr,,Royal Challengers Bengaluru,RCB captain | Led RCB to maiden IPL title (2025) | Explosive middle-order,70,,,,,,
590,Yash Dayal,India,BOWLER,Capped,75 L,,Royal Challengers Bengaluru,India left-arm quick | RCB new-ball & death bowler | 2025 title winner,70,,,,,,
591,Rinku Singh,India,BATTER,Capped,1.50 Cr,,Kolkata Knight Riders,India's finishing sensation | 5 sixes in an over vs GT | KKR 2024 title winner,75,,,,,,
592,Varun Chakravarthy,India,BOWLER,Capped,1.50 Cr,,Kolkata Knight Riders,India mystery spinner | IPL 2021 & 2024 title winner | Wicket-taking match-winner,,,,,,,
593,Sunil Narine,West Indies,ALL-ROUNDER,Capped,1.50 Cr,,Kolkata Knight Riders,KKR legend | Multiple IPL titles | Explosive opener & mystery spin,95,,,,,,
594,Andre Russell,West Indies,ALL-ROUNDER,Capped,1.50 Cr,,Kolkata Knight Riders,West Indies power-hitter | KKR title winner | Explosive finisher & seam,100,,,,,,
595,Harshit Rana,India,BOWLER,Capped,75 L,,Kolkata Knight Riders,India seamer | KKR 2024 title winner | Aggressive new-ball & death bowler,75,,,,,,
596,Ramandeep Singh,India,ALL-ROUNDER,Uncapped,40 L,,,,70,,,,,,
597,Sanju Samson,India,WICKETKEEPER,Capped,2 Cr,,Rajasthan Royals,RR captain | Explosive keeper-batter | Multiple IPL centuries,80,,,,,,
598,Yashasvi Jaiswal,India,BATTER,Capped,2 Cr,,Rajasthan Royals,India's young opening sensation | Fastest T20I century by an Indian | Prolific run-scorer,95,,,,,,
599,Riyan Parag,India,ALL-ROUNDER,Capped,1.50 Cr,,Rajasthan Royals,India all-rounder | Explosive middle-order & handy spin | Prolific IPL run-scorer for RR,80,,,,,,
600,Dhruv Jurel,India,WICKETKEEPER,Capped,1 Cr,,Rajasthan Royals,India keeper-batter | Rising Test & T20 star,70,,,,,,
601,Shimron Hetmyer,West Indies,BATTER,Capped,1.50 Cr,,Rajasthan Royals,West Indies finisher | Explosive left-hand power-hitter,75,,,,,,
602,Sandeep Sharma,India,BOWLER,Capped,50 L,,Rajasthan Royals,India swing bowler | New-ball & death-overs specialist,70,,,,,,
603,Shashank Singh,India,ALL-ROUNDER,Uncapped,40 L,,,,80,,,,,,
604,Prabhsimran Singh,India,WICKETKEEPER,Uncapped,40 L,,,,80,,,,,,
605,Axar Patel,India,ALL-ROUNDER,Capped,2 Cr,,Delhi Capitals,India all-rounder | 2024 T20 World Cup winner | Elite left-arm spin & finishing,85,,,,,,
606,Kuldeep Yadav,India,BOWLER,Capped,1.50 Cr,,Delhi Capitals,India's premier wrist-spinner | 2024 T20 World Cup winner | Match-winning chinaman,85,,,,,,
607,Tristan Stubbs,South Africa,BATTER,Capped,1.50 Cr,,Delhi Capitals,South Africa middle-order star | Explosive finisher,80,,,,,,
608,Abhishek Porel,India,WICKETKEEPER,Uncapped,40 L,,,,75,,,,,,
609,Heinrich Klaasen,South Africa,WICKETKEEPER,Capped,2 Cr,,Sunrisers Hyderabad,South Africa's explosive keeper-batter | Devastating middle-order hitter,90,,,,,,
610,Travis Head,Australia,BATTER,Capped,2 Cr,,Sunrisers Hyderabad,Australia's explosive opener | 2023 WTC & ODI World Cup Player of the Match | SRH powerplay king,85,,,,,,
611,Abhishek Sharma,India,ALL-ROUNDER,Capped,1.50 Cr,,Sunrisers Hyderabad,India's explosive opener | Maiden IPL century (2025) | Fearless left-hand power-hitter,85,,,,,,
612,Nitish Kumar Reddy,India,ALL-ROUNDER,Capped,1 Cr,,Sunrisers Hyderabad,India seam-bowling all-rounder | 2024 breakout Test century,,,,,,,
613,Pat Cummins,Australia,BOWLER,Capped,2 Cr,,Sunrisers Hyderabad,Australia captain | 2023 ODI & WTC-winning captain | Elite fast bowler,90,,,,,,
614,Rashid Khan,Afghanistan,BOWLER,Capped,2 Cr,,Gujarat Titans,Afghanistan's leg-spin wizard | One of T20's greatest bowlers,90,,,,,,
615,Shubman Gill,India,BATTER,Capped,2 Cr,,Gujarat Titans,India captain & GT skipper | Prolific top-order run-machine | Elegant stroke-maker,95,,,,,,
616,Sai Sudharsan,India,BATTER,Capped,1.50 Cr,,Gujarat Titans,India's rising left-hand opener | IPL 2025 Orange Cap winner | Elegant top-order batter,90,,,,,,
617,Rahul Tewatia,India,ALL-ROUNDER,Uncapped,40 L,,,,80,,,,,,
618,Shahrukh Khan,India,BATTER,Uncapped,40 L,,,,65,,,,,,
619,Nicholas Pooran,West Indies,WICKETKEEPER,Capped,2 Cr,,Lucknow Super Giants,LSG captain | West Indies power-hitting keeper | Explosive middle-order,90,,,,,,
620,Ravi Bishnoi,India,BOWLER,Capped,1 Cr,,Lucknow Super Giants,India leg-spinner | Attacking wrist-spin wicket-taker,80,,,,,,
621,Mayank Yadav,India,BOWLER,Uncapped,75 L,,,,75,,,,,,
622,Ayush Badoni,India,ALL-ROUNDER,Uncapped,40 L,,,,75,,,,,,
623,Mohsin Khan,India,BOWLER,Uncapped,40 L,,,,75,,,,,,
624,Karan Sharma,India,ALL-ROUNDER,Uncapped,30 L,,,,,,,,,,
625,Darshan Markande,India,BOWLER,Uncapped,30 L,,,,,,,,,,
626,AB de Villiers,South Africa,WICKETKEEPER,Capped,2 Cr,,,,100,,,,,,
627,Chris Gayle,West Indies,BATTER,Capped,2 Cr,,,,100,,,,,,
628,Suresh Raina,India,BATTER,Capped,1.50 Cr,,,,100,,,,,,
629,Virender Sehwag,India,BATTER,Capped,1.50 Cr,,,,90,,,,,,
630,Dale Steyn,South Africa,BOWLER,Capped,1.50 Cr,,,,100,,,,,,
631,Kieron Pollard,West Indies,ALL-ROUNDER,Capped,1.50 Cr,,,,100,,,,,,
632,Shane Watson,Australia,ALL-ROUNDER,Capped,1.50 Cr,,,,100,,,,,,
633,Harbhajan Singh,India,BOWLER,Capped,1 Cr,,,,100,,,,,,
634,Brendon McCullum,New Zealand,WICKETKEEPER,Capped,1.50 Cr,,,,100,,,,,,
635,Eoin Morgan,England,BATTER,Capped,1 Cr,,,,80,,,,,,
636,Dwayne Smith,West Indies,BATTER,Capped,75 L,,,,75,,,,,,
637,Chris Lynn,Australia,BATTER,Capped,1 Cr,,,,90,,,,,,
638,Imran Tahir,South Africa,BOWLER,Capped,1 Cr,,,,85,,,,,,
639,James Faulkner,Australia,ALL-ROUNDER,Capped,1 Cr,,,,75,,,,,,
640,Mitchell Johnson,Australia,BOWLER,Capped,1 Cr,,,,100,,,,,,
641,Morne Morkel,South Africa,BOWLER,Capped,1 Cr,,,,90,,,,,,
642,Albie Morkel,South Africa,ALL-ROUNDER,Capped,75 L,,,,90,,,,,,
643,Murali Vijay,India,BATTER,Capped,75 L,,,,70,,,,,,
644,Parthiv Patel,India,WICKETKEEPER,Capped,50 L,,,,85,,,,,,
645,Wriddhiman Saha,India,WICKETKEEPER,Capped,75 L,,,,70,,,,,,
646,Stuart Binny,India,ALL-ROUNDER,Capped,40 L,,,,60,,,,,,
647,George Bailey,Australia,BATTER,Capped,75 L,,,,70,,,,,,
648,Lendl Simmons,West Indies,BATTER,Capped,75 L,,,,80,,,,,,
649,Corey Anderson,New Zealand,ALL-ROUNDER,Capped,75 L,,,,85,,,,,,
650,Mitchell McClenaghan,New Zealand,BOWLER,Capped,75 L,,,,75,,,,,,
651,Kedar Jadhav,India,ALL-ROUNDER,Capped,75 L,,,,70,,,,,,
652,JP Duminy,South Africa,ALL-ROUNDER,Capped,1 Cr,,,,75,,,,,,
653,Darren Sammy,West Indies,ALL-ROUNDER,Capped,50 L,,,,70,,,,,,
654,Moises Henriques,Australia,ALL-ROUNDER,Capped,75 L,,,,85,,,,,,
655,Chris Morris,South Africa,ALL-ROUNDER,Capped,1 Cr,,,,80,,,,,,
656,Angelo Mathews,Sri Lanka,ALL-ROUNDER,Capped,1 Cr,,,,65,,,,,,
657,Ben Stokes,England,ALL-ROUNDER,Capped,2 Cr,,,,80,,,,,,
658,Cameron Green,Australia,ALL-ROUNDER,Capped,1.50 Cr,,,,80,,,,,,
659,Shivil Kaushik,India,BOWLER,Capped,30 L,,,,60,,,,,,
660,Yusuf Pathan,India,ALL-ROUNDER,Capped,75 L,,,,100,,,,,,
661,Irfan Pathan,India,ALL-ROUNDER,Capped,75 L,,,,75,,,,,,
662,Robin Uthappa,India,WICKETKEEPER,Capped,75 L,,,,60,,,,,,
663,Ambati Rayudu,India,BATTER,Capped,75 L,,,,85,,,,,,
664,Dwayne Bravo,West Indies,ALL-ROUNDER,Capped,1.50 Cr,,,,85,,,,,,
665,Lasith Malinga,Sri Lanka,BOWLER,Capped,1.50 Cr,,,,80,,,,,,
666,Aaron Finch,Australia,BATTER,Capped,1 Cr,,,,75,,,,,,
667,Shikhar Dhawan,India,BATTER,Capped,1.50 Cr,,,,80,,,,,,
668,Amit Mishra,India,BOWLER,Capped,50 L,,,,100,,,,,,
669,Cheteshwar Pujara,India,BATTER,Capped,50 L,,,,75,,,,,,
670,Hashim Amla,South Africa,BATTER,Capped,1 Cr,,,,100,,,,,,